index_name,index_code,etfs,pe,pe_pct,pb,pb_pct,dividend,roe,drawdown,eva_type
中概互联50,CSIH30533,513050.SS; KWEB,16.63,4.16,1.96,0.92,0.0113,0.1181,0.4903,low
恒生科技,HKHSTECH,3067.HK; 513180.SS,22.89,33.0,2.32,16.6,0.0106,0.1015,0.6057,mid
恒生指数,HKHSI,2800.HK; 159920.SZ,10.95,58.2,1.15,64.28,0.0327,0.1055,0.2607,high
中证医疗,SZ399989,512170.SS,30.46,24.56,3.49,12.96,0.0137,0.1145,0.66,low
全指医药,SH000991,159938.SZ,30.67,28.68,2.93,5.76,0.0181,0.0956,0.5788,low
中证传媒,SZ399971,512980.SS,29.98,25.44,2.13,19.6,0.022,0.0709,0.4085,low
主要消费,SH000932,159928.SZ,22.37,18.88,3.33,1.28,0.042,0.1487,0.5718,low
中证500,SH000905,510500.SS; 159922.SZ,31.74,73.24,2.3,74.8,0.0141,0.0725,0.1804,high
中证1000,SH000852,159629.SZ,41.91,65.92,2.3,37.4,0.0112,0.0549,0.2109,high
创业板指,SZ399006,159915.SZ,35.84,27.48,5.02,54.28,0.0103,0.1401,0.2818,mid
科创50,SH000688,588000.SS,127.83,79.03,7.42,85.21,0.0025,0.058,0.2953,high
证券行业,SZ399975,512880.SS,11.84,0.0,1.19,5.92,0.0217,0.1008,0.2485,low
沪深300,SH000300,510300.SS; 159919.SZ,13.13,58.92,1.39,31.72,0.0274,0.1057,0.2394,high
全指信息,SH000993,159939.SZ,52.08,47.0,5.93,95.08,0.0064,0.1139,0.2962,high
中证环保,SH000827,512580.SS,27.57,44.0,2.33,30.44,0.0198,0.0844,0.4458,high
养老产业,SZ399812,159842.SZ,8.4,0.0,1.63,0.4,0.0297,0.1941,0.2422,low
中证红利,SH000922,515180.SS,8.61,79.28,0.85,50.32,0.0426,0.0986,0.0636,high
纳斯达克100,NDX,QQQ; 513100.SS,30.96,50.88,9.56,87.72,0.0043,0.3089,0.0124,high
标普500,SP500,SPY; 513500.SS,25.32,58.4,5.57,95.76,0.0102,0.2198,0.0124,high
VOO,VOO,VOO,,,,,,,0.0135,
GLMD,GLMD,GLMD,,,,,,,0.0,
IBIT,IBIT,IBIT,,,,,,,0.3333,
SGOV,SGOV,SGOV,,,,,,,0.0008,
QQQM,QQQM,QQQM,,,,,,,0.0123,
德国DAX,GDAXI,DAXEX.DE; 513030.SS,16.97,46.68,1.72,54.92,0.001,0.1011,0.045,high
